аборт;-2
авария;-2
аврал;-2
авторитарность;-2
авторитетный;2
агония;-2
агрессия;-2
адов;-2
адовый;-2
алкаш;-2
алкоголизм;-2
алкоголик;-2
аморальный;-2
ампутировать;-2
анархия;-2
антинародный;-2
антисанитария;-2
антисемитизм;-2
анус;-2
арест;-2
арестовывать;-2
аристократ;2
атмосферный;2
аферист;-2
ахинея;-2
баба;-2
бабка;-2
бабник;-2
бабский;-2
базарить;-2
балбес;-2
бандеровец;-2
бандитизм;-2
бандформирование;-2
барахло;-2
башковитый;2
беда;-2
бедный;-2
бедственный;-2
бедствие;-2
бездарный;-2
бездействие;-2
бездельница;-2
бездорожье;-2
бездумный;-2
беззаконие;-2
безликий;-2
безмозглость;-2
безмозглый;-2
безнадега;-2
безногий;-2
безнравственность;-2
безответственность;-2
безответственный;-2
безразличие;-2
безупречный;2
белиберда;-2
береза;-2
бесить;-2
бескомпромиссный;2
бесноваться;-2
бесплодный;-2
бесполезный;-2
беспредел;-2
беспринципный;-2
бессердечный;-2
бессмысленность;-2
бесстрашный;2
бесстыдный;-2
бестолочь;-2
бесчеловечность;-2
бесчеловечный;-2
бесчестный;-2
библия;2
бить;-2
бич;-2
благодатный;2
благополучный;2
благоприятный;2
благородный;2
благородство;2
благословлять;2
благостный;2
благочестие;2
блевать;-2
блевотина;-2
блевотный;-2
близорукий;-2
блистательный;2
блоха;-2
блудница;-2
бля;-2
блядский;-2
блядство;-2
богатство;2
богатырский;2
богомерзкий;-2
бодяга;-2
боевик;-2
болезненный;-2
болезный;-2
болтаться;-2
боль;-2
больничка;-2
борзый;-2
бранить;-2
брезгливость;-2
брехать;-2
брехня;-2
брехун;-2
брысь;-2
брюзжание;-2
брюзжать;-2
букашка;-2
буржуй;-2
бухать;-2
буянить;-2
быдло;-2
бюрократ;-2
бюрократия;-2
вакханалия;-2
валить;-2
вандализм;-2
варварский;-2
ваххабит;-2
вдумчивый;2
вежливый;2
везунчик;2
великолепие;2
величественный;2
верный;2
веселый;2
ветеран;2
вечный;2
взаимопомощь;2
взбалмошный;-2
взлом;-2
взрываться;-2
взяточничество;-2
виновный;-2
виртуоз;2
вич;-2
вкуснятина;2
владыка;2
внимательный;2
внятный;2
возвышенность;2
возмутительный;-2
волевой;2
волна;-2
волшебный;2
вонючий;-2
вонять;-2
вопить;-2
вор;-2
вороватый;-2
ворюга;-2
воспевать;2
восторг;2
восторгаться;2
восхитительный;2
восхищать;2
вошь;-2
впаривать;-2
впечатлять;2
вражда;-2
враждебный;-2
вражий;2
вранье;-2
вредитель;-2
вредительство;-2
вредный;-2
вундеркинд;2
выебывать;-2
выздоравливать;2
выздоровление;2
выкидыш;-2
выклянчивать;-2
вылазить;-2
вымирание;-2
вымирать;-2
вымогать;-2
выпендриваться;-2
высокоинтеллектуальный;2
высокообразованный;2
высокопоставленный;2
гавно;-2
гаденький;-2
гадить;-2
гадкий;-2
гадливый;-2
гадость;-2
галантный;2
галиматья;-2
гангстер;-2
гандон;-2
гармоничность;2
гармония;2
гениальность;2
гениальный;2
геноцид;-2
гепатит;-2
героизм;2
героический;2
гетто;-2
гибнуть;-2
гиперинфляция;-2
гипертрофированный;-2
гитлеровский;-2
гладкий;-2
глохнуть;-2
глумиться;-2
глумление;-2
глупость;-2
глупый;-2
гнев;-2
гнида;-2
гнилой;-2
гнилость;-2
гнобить;-2
гнойник;-2
гнойный;-2
гнусность;-2
гнусный;-2
гоблин;-2
говнюк;-2
годный;2
голимый;-2
головорез;-2
голод;-2
голословность;-2
гомерический;-2
гомик;-2
гомосексуалист;-2
гондон;-2
гонитель;-2
гордиться;2
горлопан;-2
гостеприимный;2
гостеприимство;2
грабитель;-2
грабительский;-2
грандиозный;2
грех;-2
греховный;-2
грешить;-2
гримаса;-2
громадный;2
губительный;-2
губить;-2
гуманность;2
гяур;-2
давка;-2
дар;2
дворянский;2
двуличие;-2
двуличность;-2
дебил;-2
дебильный;-2
девка;-2
дегенерат;-2
дегенерация;-2
деградация;-2
деградировать;-2
дед;2
демагогический;-2
деменция;-2
демонизация;-2
демпинговый;-2
депопуляция;-2
депрессия;-2
дерьмо;-2
дерьмовый;-2
деспот;-2
дестабилизация;-2
детдом;-2
детка;2
детоубийство;-2
детоубийца;-2
дефицит;-2
джентльмен;2
диверсант;-2
диво;2
дикарский;-2
дикий;-2
дикость;-2
диктатор;-2
диктаторский;-2
дискредитация;-2
дискриминация;-2
дискриминировать;-2
доброжелательность;2
доброжелательный;2
доброта;2
добрый;2
добряк;2
доверие;2
долбоеб;-2
долговечность;2
доносить;-2
достопочтенный;2
достояние;2
дохлый;-2
дохнуть;-2
дружить;2
дружище;2
дружный;2
дрянь;-2
дура;-2
дурак;-2
дурдом;-2
дурить;-2
дурной;-2
дурость;-2
душегуб;-2
душить;-2
дьявол;-2
ебать;-2
ебануться;-2
ебаный;-2
ебать;-2
ебаться;-2
ебучий;-2
еврейство;-2
ерунда;-2
жадность;-2
жадный;-2
жалкий;-2
желчный;-2
женоненавистник;-2
женственность;2
живодер;-2
живописный;2
живучий;-2
жид;-2
жидовский;-2
жизнелюбивый;2
жизнеспособный;-2
жирный;-2
жопа;-2
жопка;-2
жратва;-2
жрать;-2
жулик;-2
жульничать;-2
жутковатый;-2
забастовка;-2
забота;2
заботиться;2
зависть;-2
загнивание;-2
загнивать;-2
зад;-2
задворки;-2
задница;-2
зазорный;-2
замечательный;2
замусоривать;-2
западня;-2
запоздалый;-2
запугивать;-2
зараза;-2
зарезать;-2
засирать;-2
засраный;-2
застойный;-2
застреливаться;-2
захудалый;-2
здоровый;2
здоровье;2
злоба;-2
злобный;-2
зловредный;-2
злодей;-2
злой;-2
злокачественный;-2
злость;-2
знаменательный;2
знание;2
зомби;-2
зомбировать;-2
зоркий;2
игла;-2
идеал;2
идиот;-2
идиотизм;-2
идиотический;-2
идиотский;-2
избыточный;2
извращенец;-2
издевательский;-2
издевательство;-2
издеваться;-2
измена;-2
изнасиловать;-2
изнурительный;-2
изуверский;-2
инквизиция;-2
инновационный;2
инородец;-2
интеллектуальный;2
ипать;-2
искать;2
искренний;2
исламистский;-2
истерика;-2
иудейский;-2
казнить;-2
казнь;-2
калечить;-2
канализация;-2
катастрофический;-2
катастрофичный;-2
кататься;-2
каторжный;-2
кгб;-2
кинуть;-2
клоун;-2
козлиный;-2
кокаин;-2
колхоз;-2
компетентный;2
конструктивный;2
концлагерь;-2
кончать;-2
конченый;-2
коррумпировать;-2
коррупция;-2
кошмарный;-2
кощунственный;-2
красавица;2
красота;2
красотища;2
красть;-2
крах;-2
крепкий;2
кретин;-2
криминал;-2
кровопролитие;-2
крутой;2
курица;-2
лаконичный;2
лапочка;2
ласковый;2
легендарный;2
ленинград;2
летальный;-2
лечиться;-2
ликовать;2
лихой;2
лицемер;-2
лицемерие;-2
личность;2
лишение;-2
ломать;-2
ломка;-2
лох;-2
лукавый;-2
льстивый;-2
любимый;2
любить;2
любоваться;2
любопытство;2
людоедский;-2
мажор;-2
малообразованный;-2
маниакальный;-2
манипулировать;-2
маньяк;-2
маразм;-2
маразматический;-2
маргинальный;-2
мелочный;-2
мемориал;2
мерзавец;-2
мерзкий;-2
мерзопакостный;-2
мерзостный;-2
мерзость;-2
мертвый;-2
мещанский;-2
миллионер;2
милосердный;2
милый;2
миролюбивый;2
могущественный;2
модернизация;2
молодец;2
молодчина;2
морда;-2
москаль;-2
мочить;-2
мошеннический;-2
мощный;2
мразь;-2
мракобес;-2
мракобесие;-2
мракобесный;-2
мудак;-2
мудрец;2
мудрый;2
муж;2
мужественный;2
мука;-2
муторный;-2
мучение;-2
мучительный;-2
мучиться;-2
навальный;-2
наводнение;-2
наворовывать;-2
навязчивый;-2
наглый;-2
надежный;2
надрывный;-2
наебывать;-2
наказание;-2
напиваться;-2
напряженность;-2
напряженный;-2
наркоман;-2
наркоманский;-2
наркоторговец;-2
насиловать;-2
насильник;-2
насрать;-2
наставать;2
нато;-2
научный;2
нахуй;-2
нахуя;-2
нацизм;-2
нацистский;-2
нацмен;-2
неблагополучный;-2
небывалый;2
невежливый;-2
невиновный;2
невоспитанный;-2
невыносимый;-2
негодный;-2
негодяй;-2
недальновидный;-2
недоношенный;-2
недоразвитый;-2
недостойный;-2
нежизнеспособный;-2
незавидный;-2
незаконный;-2
неистовый;-2
некрасивый;-2
нелегал;-2
нелегитимный;-2
нелестный;-2
нелюди;-2
ненавидеть;-2
ненависть;-2
ненадежный;-2
ненастоящий;-2
ненормальный;-2
необдуманный;-2
неопровержимый;2
неопрятный;-2
непобедимый;-2
непобежденный;2
непогрешимый;2
неподдельный;2
неподкупный;2
неполноценность;-2
неполноценный;-2
непоправимый;-2
непостижимый;-2
непредвиденный;-2
неработающий;-2
нерусский;-2
несанкционированный;-2
несказанный;2
несовместимый;-2
несознательный;-2
неспособный;-2
неуважение;-2
неудобный;-2
неуравновешенный;-2
нехуй;-2
нецензурный;-2
нечеловеческий;-2
нечестивый;-2
нечисть;-2
ниггер;-2
нигер;-2
низкокачественный;-2
никудышный;-2
нобелевский;2
нудный;-2
обворовывать;-2
обнимать;2
обожать;2
обрадовать;2
обсирать;-2
общемировой;2
общепризнанный;2
общительный;2
оглушительный;2
одиночество;-2
оккупант;-2
окно;-2
олигарх;-2
омерзительный;-2
опрятный;2
опухоль;-2
оскорбление;-2
отвратительный;-2
отвращение;-2
отжимать;-2
отзывчивый;2
отличный;2
отморозок;-2
отстойный;-2
отчаяние;-2
отъявленный;-2
офигенный;-2
охуевать;-2
охуенный;-2
ошибочный;-2
пагубный;-2
палач;-2
паленый;-2
паника;-2
паразит;-2
параноидальный;-2
пархатый;-2
паскудный;-2
патриотичный;2
педерастия;-2
педофил;-2
педофилия;-2
первоклассный;2
переворот;-2
переживать;-2
переигрывать;-2
переступать;-2
переть;-2
перспективный;2
пессимист;-2
пидар;-2
пидарас;-2
пидор;-2
пизда;-2
пиздеж;-2
пиздеть;-2
пиздец;-2
плагиат;-2
плачевный;-2
плясать;-2
победный;2
повеситься;-2
поганый;-2
подачка;-2
подвиг;2
по-детски;2
подмосковный;2
подробный;2
пожаловать;2
пожизненный;-2
поздравление;2
позитивный;2
позор;-2
показушный;-2
полезный;2
полениться;-2
политбюро;2
полноценный;2
понт;-2
поощрять;2
порок;-2
порочный;-2
порядочный;2
посадить;-2
посильный;2
поумнеть;2
похабный;-2
похищать;-2
похотливый;-2
похуй;-2
по-человечески;2
почесть;2
пошлость;-2
правда;2
правильный;2
праздничный;2
превосходный;2
предательский;-2
предательство;-2
предприимчивый;2
презентабельный;2
презирать;-2
презрение;-2
презрительный;-2
прекрасный;2
прелестный;2
прелесть;2
премудрый;2
пренебрежительный;-2
престижный;2
преступный;-2
пречистый;2
привлекательный;2
приговор;2
примечательный;2
принцесса;2
приятный;2
провальный;-2
провинциал;-2
прогрессивный;2
продуктивный;2
проебывать;-2
проклинать;-2
проклятие;-2
проникновенный;2
прорыв;-2
прослушка;-2
проститутка;-2
процветать;2
психопат;-2
психотропный;-2
пустой;-2
пьяница;-2
пьянство;-2
раб;-2
рабский;-2
рабство;-2
равнодушный;-2
радовать;2
радостный;2
радушный;2
разворовывать;-2
разврат;-2
развратный;-2
разоблачительный;-2
разрушать;-2
райский;2
ранить;-2
расизм;-2
расистский;-2
реалистический;2
резать;-2
резвый;2
резня;-2
рейх;-2
репрессировать;-2
репрессия;-2
родительский;2
рожа;-2
роскошный;2
российский;2
рулить;2
русофоб;-2
русофобский;-2
рьяный;-2
саакашвили;-2
садист;-2
сакральный;-2
самовлюбленный;-2
самоотверженный;2
самоубийство;-2
сволочной;-2
сволочь;-2
святой;2
сдыхать;-2
сенсация;2
сердюк;-2
сильный;2
симпатизировать;2
симпатяга;2
скандал;-2
скверный;-2
скончаться;-2
скорбеть;-2
скотина;-2
скотский;-2
слабовольный;-2
слабый;-2
славянский;2
смертельный;-2
смертник;-2
смерть;-2
смутный;-2
сногсшибательный;2
соболезнование;-2
соболезновать;-2
содомит;-2
сострадание;2
спам;-2
спасибо;2
спелый;2
спид;-2
спиздить;-2
сраный;-2
срать;-2
ссать;-2
стадный;-2
сталинист;-2
стопроцентный;2
страдание;-2
страшный;-2
стукач;-2
стырить;-2
субботник;2
суицид;-2
сука;-2
сукин;-2
счастливчик;2
сынок;2
сытный;2
тактичность;2
тактичный;2
талант;2
талантливый;2
талиб;-2
таракан;-2
тараканий;-2
тварь;-2
твердолобый;-2
текучка;-2
теракт;-2
терпение;2
террор;-2
терроризировать;-2
терроризм;-2
террорист;-2
террористический;-2
террористка;-2
тесный;2
тирания;-2
титанический;2
толковый;2
толстосум;-2
торгаш;-2
торжествовать;2
тошнотворный;-2
травка;-2
травля;-2
трагедия;-2
традиция;2
трахать;-2
трахнуть;-2
требовательный;2
треш;-2
триумф;2
триумфальный;2
трогательность;2
труп;-2
трус;-2
трусливый;-2
туберкулез;-2
тупица;-2
туповатый;-2
тупорылый;-2
тупость;-2
тюряга;-2
тягота;-2
тяжелобольной;-2
убивать;-2
убиваться;-2
убиение;-2
убийца;-2
ублюдок;-2
ублюдочный;-2
убогий;-2
убогость;-2
убожество;-2
убойность;-2
убыток;-2
увечье;-2
угнетатель;-2
угнетать;-2
угнетение;-2
уголовный;-2
угу;-2
удавка;-2
удивительный;2
удобный;2
удушение;-2
ужас;-2
ужасный;-2
ужесточить;-2
узник;-2
узость;-2
узурпатор;-2
узурпация;-2
узурпировать;-2
украсть;-2
украшать;2
улучшаться;2
улыбаться;2
улыбчивый;2
умелый;2
умирать;-2
умненький;2
умница;2
умысел;-2
унижаться;-2
унижение;-2
унизительный;-2
уникальный;2
уничижительный;-2
уничтожать;-2
унылый;-2
упадочный;-2
упырь;-2
ура;2
урод;-2
уродка;-2
уродливый;-2
уродовать;-2
уродский;-2
уродство;-2
урожай;2
успех;2
успешный;2
училка;-2
ущербный;-2
фабрика;-2
фальшивый;-2
фанатизм;-2
фанатик;-2
фатальный;-2
фашизм;-2
фашист;-2
фашистка;-2
фашистский;-2
феминизм;-2
фотография;2
фу;-2
фундаментализм;-2
фура;2
фюрер;-2
халатный;-2
халифат;-2
хаметь;-2
хамить;-2
хаос;-2
харакири;-2
хвалить;2
хворый;-2
херня;-2
хилый;-2
хитрожопый;-2
хитроумный;2
хлипкий;-2
холопский;-2
холуй;-2
хорошенький;2
хохол;-2
храбрый;2
хрен;-2
христианский;2
ху;-2
хуета;-2
хуй;-2
хуйня;-2
хула;-2
хунта;-2
целенаправленный;2
целеустремленный;2
чавкать;-2
чепуха;-2
червь;-2
червяк;-2
черепаший;-2
черножопый;-2
черствый;-2
чинуша;-2
чистенький;2
чубайс;-2
чудный;2
чудо;-2
чудовище;-2
чудовищный;-2
чужеродный;-2
чурка;-2
чуткий;2
чушь;-2
шайка;-2
шалава;-2
шантажировать;-2
шедевр;-2
шизоидный;-2
шизофреник;-2
шизофренический;-2
шикарный;2
ширпотреб;-2
шлюха;-2
шовинизм;-2
шовинист;-2
шокировать;-2
шпана;-2
шпион;-2
штраф;-2
шутка;2
шутник;2
щедрость;2
эгоист;-2
эгоцентричный;-2
экзальтированный;-2
эксплуатация;-2
экспрессивный;2
экспроприировать;-2
экстаз;2
экстравагантный;-2
экстремизм;-2
экстремист;-2
эротический;-2
эталонный;2
этический;2
яд;-2
ярмо;-2
ясный;2